{
  "0001_0004": {"unreg_dice": 0.20466509535506086},
  "0001_0007": {"unreg_dice": 0.18873802734037934},
  "0001_0010": {"unreg_dice": 0.33863372360643024},
  "0001_0013": {"unreg_dice": 0.2875627881813983},
  "0001_0016": {"unreg_dice": 0.28884575098116216},
  "0001_0019": {"unreg_dice": 0.2231224940985532},
  "0001_0022": {"unreg_dice": 0.357338248428129},
  "001_0025": {"unreg_dice": 0.36163710109128827},
  "0001_0028": {"unreg_dice": 0.27753787069989505},
  "0004_0007": {"unreg_dice": 0.19896933712966083},
  "0004_0010": {"unreg_dice": 0.23434658420224816},
  "0004_0013": {"unreg_dice": 0.15477407916275224},
  "0004_0016": {"unreg_dice": 0.20167585965784435},
  "0004_0019": {"unreg_dice": 0.1322887979718894},
  "0004_0022": {"unreg_dice": 0.2500864714114439},
  "0004_0025": {"unreg_dice": 0.3326228712332038},
  "0004_0028": {"unreg_dice": 0.26271847044422325},
  "0007_0010": {"unreg_dice": 0.29750061099105274},
  "0007_0013": {"unreg_dice": 0.12212324799065137},
  "0007_0016": {"unreg_dice": 0.2902487057139114},
  "0007_0019": {"unreg_dice": 0.25918012771746396},
  "0007_0022": {"unreg_dice": 0.21421990150478326},
  "0007_0025": {"unreg_dice": 0.19553269176267327},
  "0007_0028": {"unreg_dice": 0.14816585490317766},
  "0010_0013": {"unreg_dice": 0.23088528515815684},
  "0010_0016": {"unreg_dice": 0.4181131018561706},
  "0010_0019": {"unreg_dice": 0.2855057151827866},
  "0010_0022": {"unreg_dice": 0.3376296601341306},
  "0010_0025": {"unreg_dice": 0.273943198205702},
  "0010_0028": {"unreg_dice": 0.262408239392691},
  "0013_0016": {"unreg_dice": 0.22770483185292237},
  "0013_0019": {"unreg_dice": 0.1757920442690373},
  "0013_0022": {"unreg_dice": 0.25723994226522207},
  "0013_0025": {"unreg_dice": 0.22817585291744838},
  "0013_0028": {"unreg_dice": 0.2905569528180027},
  "0016_0019": {"unreg_dice": 0.3030746535718943},
  "0016_0022": {"unreg_dice": 0.295830223383543},
  "0016_0025": {"unreg_dice": 0.23347456039810296},
  "0016_0028": {"unreg_dice": 0.21724462019180546},
  "0019_0022": {"unreg_dice": 0.22505130841176213},
  "0019_0025": {"unreg_dice": 0.20844205330445342},
  "0019_0028": {"unreg_dice": 0.18083242662855925},
  "0022_0025": {"unreg_dice": 0.4306828789360457},
  "0022_0028": {"unreg_dice": 0.3791950799036265},
  "0025_0028": {"unreg_dice": 0.3661572453999498}}