{"0006_0006": {"unreg_dice": 0.2471027824112923},
  "0007_0007": {"unreg_dice": 0.1950101408821494},
  "0008_0008": {"unreg_dice": 0.4867395114495866}}