{"0201_0260": {"unreg_dice": 0.5062895428636838},
  "0202_0259": {"unreg_dice": 0.7679427845758702},
  "0203_0258": {"unreg_dice": 0.622663197385501},
  "0204_0257": {"unreg_dice": 0.7608391116870894},
  "0205_0256": {"unreg_dice": 0.7210399212363497},
  "0206_0255": {"unreg_dice": 0.5892666447833097},
  "0207_0254": {"unreg_dice": 0.4164184056324034},
  "0208_0253": {"unreg_dice": 0.5426060178633055},
  "0209_0252": {"unreg_dice": 0.571014909977918},
  "0210_0251": {"unreg_dice": 0.5092556535621052},
  "0211_0250": {"unreg_dice": 0.6015642236681309},
  "0212_0249": {"unreg_dice": 0.4652583452948824},
  "0213_0248": {"unreg_dice": 0.6596619567700941},
  "0214_0247": {"unreg_dice": 0.5911200266337131},
  "0215_0246": {"unreg_dice": 0.5883839139942761},
  "0216_0245": {"unreg_dice": 0.753234848647989},
  "0217_0244": {"unreg_dice": 0.6825873507297655},
  "0218_0243": {"unreg_dice": 0.5379002172687848},
  "0219_0242": {"unreg_dice": 0.3724334641532094},
  "0220_0241": {"unreg_dice": 0.41795066355043653},
  "0221_0240": {"unreg_dice": 0.4338228457093266},
  "0222_0239": {"unreg_dice": 0.4056110460845233},
  "0223_0238": {"unreg_dice": 0.4832009290418232},
  "0224_0237": {"unreg_dice": 0.5283282513775186},
  "0225_0236": {"unreg_dice": 0.6331027568922306},
  "0226_0235": {"unreg_dice": 0.46435676676899856},
  "0227_0234": {"unreg_dice": 0.41965577988625896},
  "0228_0233": {"unreg_dice": 0.6824205045047712},
  "0229_0232": {"unreg_dice": 0.6167362118677602},
  "0230_0231": {"unreg_dice": 0.7079460361832737},
  "0231_0230": {"unreg_dice": 0.7079460361832737},
  "0232_0229": {"unreg_dice": 0.6167362118677602},
  "0233_0228": {"unreg_dice": 0.6824205045047712},
  "0234_0227": {"unreg_dice": 0.41965577988625896},
  "0235_0226": {"unreg_dice": 0.46435676676899856},
  "0236_0225": {"unreg_dice": 0.6331027568922306},
  "0237_0224": {"unreg_dice": 0.5283282513775186},
  "0238_0223": {"unreg_dice": 0.4832009290418232},
  "0239_0222": {"unreg_dice": 0.4056110460845233},
  "0240_0221": {"unreg_dice": 0.4338228457093266},
  "0241_0220": {"unreg_dice": 0.41795066355043653},
  "0242_0219": {"unreg_dice": 0.3724334641532094},
  "0243_0218": {"unreg_dice": 0.5379002172687848},
  "0244_0217": {"unreg_dice": 0.6825873507297655},
  "0245_0216": {"unreg_dice": 0.753234848647989},
  "0246_0215": {"unreg_dice": 0.5883839139942761},
  "0247_0214": {"unreg_dice": 0.5911200266337131},
  "0248_0213": {"unreg_dice": 0.6596619567700941},
  "0249_0212": {"unreg_dice": 0.4652583452948824},
  "0250_0211": {"unreg_dice": 0.6015642236681309},
  "0251_0210": {"unreg_dice": 0.5092556535621052},
  "0252_0209": {"unreg_dice": 0.571014909977918},
  "0253_0208": {"unreg_dice": 0.5426060178633055},
  "0254_0207": {"unreg_dice": 0.4164184056324034},
  "0255_0206": {"unreg_dice": 0.5892666447833097},
  "0256_0205": {"unreg_dice": 0.7210399212363497},
  "0257_0204": {"unreg_dice": 0.7608391116870894},
  "0258_0203": {"unreg_dice": 0.622663197385501},
  "0259_0202": {"unreg_dice": 0.7679427845758702},
  "0260_0201": {"unreg_dice": 0.5062895428636838}}