{"0395_0396": {"unreg_dice": 0.5914795607133259}, "0396_0397": {"unreg_dice": 0.5546623178471576}, "0397_0398": {"unreg_dice": 0.6289547676551767}, "0398_0399": {"unreg_dice": 0.4962117564741637}, "0399_0400": {"unreg_dice": 0.5203498123096318}, "0400_0401": {"unreg_dice": 0.6072520518649261}, "0401_0402": {"unreg_dice": 0.4522928969630712}, "0402_0403": {"unreg_dice": 0.5939361302756424}, "0403_0404": {"unreg_dice": 0.5954250090115748}, "0404_0405": {"unreg_dice": 0.5889681970533344}, "0405_0406": {"unreg_dice": 0.5246459844648438}, "0406_0407": {"unreg_dice": 0.5245780778622819}, "0407_0408": {"unreg_dice": 0.550717930025208}, "0408_0409": {"unreg_dice": 0.6828035476987112}, "0409_0410": {"unreg_dice": 0.5980573500335905}, "0410_0411": {"unreg_dice": 0.6313739872879742}, "0411_0412": {"unreg_dice": 0.574209994508051}, "0412_0413": {"unreg_dice": 0.570481025799984}, "0413_0414": {"unreg_dice": 0.5786760608242413}}