{
    "AbdomenCTCT": {
        "case": {
            "LogJacDetStd": {
                "0": 0.09856775925842402,
                "1": 0.12314411307157457,
                "2": 0.09448400643876075,
                "3": 0.14990419691490098,
                "4": 0.13654168710461292,
                "5": 0.15223612513160342,
                "6": 0.13049851770672227,
                "7": 0.13143805384116292,
                "8": 0.1087773381476112,
                "9": 0.14588367159023016,
                "10": 0.15983759001428963,
                "11": 0.17974332287374753,
                "12": 0.18961150112977712,
                "13": 0.1885007731414174,
                "14": 0.10018633744544775,
                "15": 0.09678249158666753,
                "16": 0.12792331964321088,
                "17": 0.09280222753345466,
                "18": 0.22039613946824407,
                "19": 0.12332571282937681,
                "20": 0.14457302978517036,
                "21": 0.18294887873968915,
                "22": 0.14797087170470752,
                "23": 0.22704742282623327,
                "24": 0.11083951760627524,
                "25": 0.06384498031652153,
                "26": 0.299728456747134,
                "27": 0.19323555621069566,
                "28": 0.2361724604528021,
                "29": 0.19077353608007852,
                "30": 0.1850386488525142,
                "31": 0.16529442374497533,
                "32": 0.09121140058943139,
                "33": 0.15539673264492881,
                "34": 0.06619864493928633,
                "35": 0.14813861525497732,
                "36": 0.12475913102168319,
                "37": 0.24591614125389022,
                "38": 0.19090912411464164,
                "39": 0.15510334809759532,
                "40": 0.09289623314725541,
                "41": 0.2940714699562925,
                "42": 0.13241200439268883,
                "43": 0.06584007230096106,
                "44": 0.059943768213063985
            },
            "DSC": {
                "0": 0.8218873208296037,
                "1": 0.8745322346311248,
                "2": 0.8793264284194875,
                "3": 0.8907578319002876,
                "4": 0.8660398075217428,
                "5": 0.8485451872144147,
                "6": 0.8926351401192487,
                "7": 0.9028817078897308,
                "8": 0.8915444100207477,
                "9": 0.7902016755960521,
                "10": 0.7810973394826178,
                "11": 0.7982671389389703,
                "12": 0.7845826796688689,
                "13": 0.6063097835207677,
                "14": 0.7919302398942581,
                "15": 0.8648168339205409,
                "16": 0.7771988081844328,
                "17": 0.8134330879380005,
                "18": 0.8121076677903626,
                "19": 0.8665957924066598,
                "20": 0.8482862576515786,
                "21": 0.7562223816071836,
                "22": 0.7772991231504975,
                "23": 0.7493668695061237,
                "24": 0.8703396981000336,
                "25": 0.8785732656610103,
                "26": 0.864058661335384,
                "27": 0.8571381353873833,
                "28": 0.8547900214616576,
                "29": 0.8722167382702446,
                "30": 0.8088878867568853,
                "31": 0.7778640765736765,
                "32": 0.827919265050932,
                "33": 0.8310541100434733,
                "34": 0.8465058183112593,
                "35": 0.8731071769165114,
                "36": 0.8658216415577138,
                "37": 0.864335034295992,
                "38": 0.8734480654409094,
                "39": 0.7478213711810962,
                "40": 0.6656719769551235,
                "41": 0.7550678550670932,
                "42": 0.8778172109524731,
                "43": 0.8861218161950948,
                "44": 0.8915060995417344
            },
            "HD95": {
                "0": 5.864098117487875,
                "1": 7.678045678627646,
                "2": 5.524565345479302,
                "3": 2.7435768735772705,
                "4": 7.553487919170352,
                "5": 13.550952100455532,
                "6": 2.2812724907729476,
                "7": 2.287223364336998,
                "8": 3.570738907815409,
                "9": 11.883010463243542,
                "10": 14.314459180383457,
                "11": 10.895444755284856,
                "12": 14.155165107927074,
                "13": 23.93947077516302,
                "14": 7.875742811025948,
                "15": 5.635942176361387,
                "16": 10.857937746226735,
                "17": 4.594931229407468,
                "18": 10.677889161650185,
                "19": 6.6332439520263655,
                "20": 9.845261934105638,
                "21": 13.839699603182991,
                "22": 13.371469023394132,
                "23": 15.893102887385156,
                "24": 4.3068089515641335,
                "25": 4.628815571800141,
                "26": 9.631683816469748,
                "27": 6.832555153843748,
                "28": 8.251353724062396,
                "29": 6.833955885311776,
                "30": 10.753380056015217,
                "31": 19.34831091315027,
                "32": 6.102883396620073,
                "33": 7.136002929522661,
                "34": 5.573862191959665,
                "35": 7.032737929805664,
                "36": 5.955165914956774,
                "37": 8.072231201826751,
                "38": 5.9742883507342,
                "39": 9.510026612337633,
                "40": 16.393499610454967,
                "41": 10.492228363683,
                "42": 2.8330886357083376,
                "43": 2.1014703039303355,
                "44": 2.0922343194029076
            }
        },
        "aggregates": {
            "LogJacDetStd": {
                "30": 0.12318043302313501,
                "std": 0.056457250925716816,
                "mean": 0.14935220786366066
            },
            "DSC": {
                "30": 0.8003912885025533,
                "std": 0.06193106652701568,
                "mean": 0.8283540371746442
            },
            "HD95": {
                "30": 5.882311676981655,
                "std": 4.814998740480762,
                "mean": 8.562740343058927
            }
        }
    }
}