{
    "AbdomenMRCT": {
        "case": {
            "LogJacDetStd": {
                "0": 1.3235747549290746,
                "1": 0.9428050217801588,
                "2": 0.13932419889191477
            },
            "DSC": {
                "0": 0.9584234620879302,
                "1": 0.9712370721639143,
                "2": 0.9764364845345014
            },
            "HD95": {
                "0": 3.6655351605808306,
                "1": 1.4571067811865475,
                "2": 1.0
            }
        },
        "aggregates": {
            "LogJacDetStd": {
                "30": 0.6214126926248611,
                "std": 0.6045682208410931,
                "mean": 0.8019013252003827
            },
            "DSC": {
                "30": 0.9661116281335207,
                "std": 0.009270845609035658,
                "mean": 0.9686990062621152
            },
            "HD95": {
                "30": 1.2742640687119284,
                "std": 1.4254344488969821,
                "mean": 2.040880647255793
            }
        }
    }
}