{
    "CuRIOUS": {
        "case": {
            "LogJacDetStd": {
                "0": 0.21060003273568365,
                "1": 0.22605394427630446,
                "2": 0.23534195559311732,
                "3": 0.23539946017138227,
                "4": 0.2152515664725875,
                "5": 0.23649802250032223,
                "6": 0.23745214740586595
            },
            "TRE_lm": {
                "0": 8.522276635226723,
                "1": 1.4069388502134843,
                "2": 15.315695494062643,
                "3": 2.2580762608809573,
                "4": 1.4849621651331528,
                "5": 6.673138966225829,
                "6": 0.979730997082241
            }
        },
        "aggregates": {
            "LogJacDetStd": {
                "30": 0.2238934687155611,
                "std": 0.01109980039786929,
                "mean": 0.22808530416503764
            },
            "TRE_lm": {
                "30": 1.4693575021492191,
                "std": 5.325740569395793,
                "mean": 5.234402766975004
            }
        }
    }
}