{
    "HippocampusMR": {
        "case": {
            "LogJacDetStd": {
                "0": 0.05132677222412082,
                "1": 0.04641799950154765,
                "2": 0.045099819496420175,
                "3": 0.04656350077371187,
                "4": 0.04395869028523858,
                "5": 0.044922030945271314,
                "6": 0.05220881675020676,
                "7": 0.04491099522700414,
                "8": 0.052003926783992606,
                "9": 0.04736687730794978,
                "10": 0.04896977964451772,
                "11": 0.057368710418438135,
                "12": 0.04693710525382455,
                "13": 0.042728781199884304,
                "14": 0.04425384515551482,
                "15": 0.044470632799204504,
                "16": 0.04628801219605372,
                "17": 0.05460554687127242,
                "18": 0.05629291535389683,
                "19": 0.04385358781212168,
                "20": 0.05388650213683872,
                "21": 0.05156035267193967,
                "22": 0.048743754904946056,
                "23": 0.04269445456034544,
                "24": 0.04746654325518265,
                "25": 0.04837853501639846,
                "26": 0.05032924637615565,
                "27": 0.041557281059266565,
                "28": 0.050620743988231964,
                "29": 0.04295771145439207,
                "30": 0.04631234195971154,
                "31": 0.04094941254462715,
                "32": 0.04781813501550753,
                "33": 0.043100619081633144,
                "34": 0.04501903514361379,
                "35": 0.04375911132838043,
                "36": 0.04352339045056599,
                "37": 0.047230964634187474,
                "38": 0.04465576466282424,
                "39": 0.042418044221392504,
                "40": 0.052960596700465386,
                "41": 0.05021748832353499,
                "42": 0.046909352973853076,
                "43": 0.044318620793863374,
                "44": 0.046853258428483036,
                "45": 0.045897344419691656,
                "46": 0.047337048593000475,
                "47": 0.04472002605478912,
                "48": 0.04854404890522665,
                "49": 0.04837155028809064,
                "50": 0.044178537627718666,
                "51": 0.05030851385258246,
                "52": 0.04449707733081774,
                "53": 0.04738896088252894,
                "54": 0.04344442920951567,
                "55": 0.04100772498718782,
                "56": 0.0432802469445452,
                "57": 0.04090113707252447,
                "58": 0.04342981132084758,
                "59": 0.04770086474843906
            },
            "DSC": {
                "0": 0.9313271747108012,
                "1": 0.9100917460929714,
                "2": 0.9288727173730943,
                "3": 0.9145780523896534,
                "4": 0.9267298820062639,
                "5": 0.9235502722567438,
                "6": 0.9103973213630829,
                "7": 0.9251100737361413,
                "8": 0.9310053679922363,
                "9": 0.9322925027956073,
                "10": 0.9339759127656646,
                "11": 0.932022972875022,
                "12": 0.9417757337669179,
                "13": 0.9438416098242763,
                "14": 0.9395028867299149,
                "15": 0.9246066542111273,
                "16": 0.9154390798481664,
                "17": 0.9196261618171566,
                "18": 0.9146342398912898,
                "19": 0.9131978906984148,
                "20": 0.917842370424363,
                "21": 0.9173610961526955,
                "22": 0.9247452395374443,
                "23": 0.9283230092345662,
                "24": 0.9193515647605381,
                "25": 0.9198708687041093,
                "26": 0.9099846463272996,
                "27": 0.8995981332641949,
                "28": 0.9112804139337557,
                "29": 0.9520333704252189,
                "30": 0.9395029306809626,
                "31": 0.9200904426284042,
                "32": 0.916793492965368,
                "33": 0.9231206375377851,
                "34": 0.9324225582778549,
                "35": 0.9115408633905404,
                "36": 0.9146160932749072,
                "37": 0.9215374344942758,
                "38": 0.9133430064477581,
                "39": 0.9252925857362493,
                "40": 0.9315880223624106,
                "41": 0.9328819140832062,
                "42": 0.9350846664598853,
                "43": 0.9287229851540644,
                "44": 0.9286131394532722,
                "45": 0.9391649312941773,
                "46": 0.9349601456365718,
                "47": 0.9242130047596004,
                "48": 0.9164760779330738,
                "49": 0.9235783222526148,
                "50": 0.935910809517996,
                "51": 0.9322271507024789,
                "52": 0.9317987696100161,
                "53": 0.9233824741629679,
                "54": 0.9410994746969021,
                "55": 0.9216302713869369,
                "56": 0.9128309668257453,
                "57": 0.9340318840369,
                "58": 0.9255997725402778,
                "59": 0.9360511605481511
            },
            "HD95": {
                "0": 1.0,
                "1": 1.0,
                "2": 1.0,
                "3": 1.0,
                "4": 1.0,
                "5": 1.0,
                "6": 1.0,
                "7": 1.0,
                "8": 1.0,
                "9": 1.0,
                "10": 1.0,
                "11": 1.0,
                "12": 1.0,
                "13": 1.0,
                "14": 1.0,
                "15": 1.0,
                "16": 1.0,
                "17": 1.0,
                "18": 1.0,
                "19": 1.0,
                "20": 1.0,
                "21": 1.0,
                "22": 1.0,
                "23": 1.0,
                "24": 1.0,
                "25": 1.0,
                "26": 1.0,
                "27": 1.0,
                "28": 1.0,
                "29": 1.0,
                "30": 1.0,
                "31": 1.0,
                "32": 1.0,
                "33": 1.0,
                "34": 1.0,
                "35": 1.0,
                "36": 1.0,
                "37": 1.0,
                "38": 1.0,
                "39": 1.0,
                "40": 1.0,
                "41": 1.0,
                "42": 1.0,
                "43": 1.0,
                "44": 1.0,
                "45": 1.0,
                "46": 1.0,
                "47": 1.0,
                "48": 1.0,
                "49": 1.0,
                "50": 1.0,
                "51": 1.0,
                "52": 1.0,
                "53": 1.0,
                "54": 1.0,
                "55": 1.0,
                "56": 1.0,
                "57": 1.0,
                "58": 1.0,
                "59": 1.0
            }
        },
        "aggregates": {
            "LogJacDetStd": {
                "30": 0.04429918810235881,
                "std": 0.0038135493283381105,
                "mean": 0.04676328216540065
            },
            "DSC": {
                "30": 0.9195437827001711,
                "std": 0.010290713708209775,
                "mean": 0.9253512492460013
            },
            "HD95": {
                "30": 1.0,
                "std": 0.0,
                "mean": 1.0
            }
        }
    }
}