{
    "LungCT": {
        "case": {
            "LogJacDetStd": {
                "0": 0.1126274436510181,
                "1": 0.09753106745342813,
                "2": 0.06536075441147339
            },
            "TRE_lm": {
                "0": 13.98885318915173,
                "1": 6.7466632749045985,
                "2": 2.3431710459990556
            },
            "TRE_kp": {
                "0": 15.442621121006384,
                "1": 10.051796391764801,
                "2": 4.043673939607986
            }
        },
        "aggregates": {
            "LogJacDetStd": {
                "30": 0.08466294223664624,
                "std": 0.024141836188051283,
                "mean": 0.0918397551719732
            },
            "TRE_lm": {
                "30": 4.985266383342381,
                "std": 5.880220675328995,
                "mean": 7.692895836685128
            },
            "TRE_kp": {
                "30": 7.648547410902075,
                "std": 5.702258668075074,
                "mean": 9.84603048412639
            }
        }
    }
}