{
    "NLST": {
        "case": {
            "LogJacDetStd": {
                "0": 0.03884529017070962,
                "1": 0.04107587914850868,
                "2": 0.034759133151386346,
                "3": 0.02718617029811927,
                "4": 0.030083551137509976,
                "5": 0.04050065605367169,
                "6": 0.052289765532888985,
                "7": 0.031006029325364556,
                "8": 0.022882782698848237,
                "9": 0.06539324718318466
            },
            "TRE_kp": {
                "0": 0.8003871500816748,
                "1": 0.743388217103647,
                "2": 0.9567571110437695,
                "3": 0.7002367858803556,
                "4": 0.7331792321490653,
                "5": 3.3782689583218715,
                "6": 3.945480057009204,
                "7": 0.7292073811407725,
                "8": 0.6444484221816253,
                "9": 2.150560978104841
            }
        },
        "aggregates": {
            "LogJacDetStd": {
                "30": 0.03072928586900818,
                "std": 0.012635735666915423,
                "mean": 0.0384022504700192
            },
            "TRE_kp": {
                "30": 0.7319876768465775,
                "std": 1.2399595807100046,
                "mean": 1.4781914293016825
            }
        }
    }
}