{
    "OASIS": {
        "case": {
            "LogJacDetStd": {
                "0": 0.049212995773673524,
                "1": 0.05395086675196102,
                "2": 0.05299237833007964,
                "3": 0.05678848552668316,
                "4": 0.04683646743100428,
                "5": 0.0455230453525549,
                "6": 0.06565036842525573,
                "7": 0.0555532360969714,
                "8": 0.050847794508452566,
                "9": 0.054921756241487936,
                "10": 0.048318766145749543,
                "11": 0.04813438566474572,
                "12": 0.05441328816560116,
                "13": 0.04727718215114264,
                "14": 0.04996254134429325,
                "15": 0.04788860231793359,
                "16": 0.05076809769608463,
                "17": 0.04950560924270319,
                "18": 0.047778621977726206
            },
            "DSC": {
                "0": 0.8819128821259465,
                "1": 0.8518264494917627,
                "2": 0.8643790828413646,
                "3": 0.8696606174893127,
                "4": 0.8633644065543636,
                "5": 0.8724874641379807,
                "6": 0.8708825933743779,
                "7": 0.8936360590704001,
                "8": 0.8793620095350893,
                "9": 0.8684648764415943,
                "10": 0.8640634092341638,
                "11": 0.8731615605230565,
                "12": 0.8499950544842442,
                "13": 0.8831436538302552,
                "14": 0.8825033756104275,
                "15": 0.8888927023564555,
                "16": 0.8751423087634959,
                "17": 0.8744661219469482,
                "18": 0.8799617122940424
            },
            "HD95": {
                "0": 1.3316681999958924,
                "1": 1.67520804772131,
                "2": 1.5257344553969134,
                "3": 2.1147979778456523,
                "4": 1.3106713460667936,
                "5": 1.4630909237783858,
                "6": 1.7975297514463673,
                "7": 1.1979485259257787,
                "8": 1.4154378606952047,
                "9": 1.9338743244050567,
                "10": 1.64003489975523,
                "11": 1.27342665929444,
                "12": 1.626443919237095,
                "13": 1.1832632446392313,
                "14": 1.126120387496374,
                "15": 1.2362480532804125,
                "16": 1.3762976153839392,
                "17": 1.4655720612604979,
                "18": 1.194284025008389
            }
        },
        "aggregates": {
            "LogJacDetStd": {
                "30": 0.04820813785714725,
                "std": 0.004766702917519428,
                "mean": 0.05138549942863705
            },
            "DSC": {
                "30": 0.8689431728606817,
                "std": 0.011323064539009086,
                "mean": 0.8730161231634359
            },
            "HD95": {
                "30": 1.2883245340033813,
                "std": 0.2725249972813968,
                "mean": 1.4677711725596299
            }
        }
    }
}