{"disp_0001_0004": {"dice": 0.8218873208296037}, "disp_0001_0007": {"dice": 0.8745322346311248}, "disp_0001_0010": {"dice": 0.8793264284194875}, "disp_0001_0013": {"dice": 0.8907578319002876}, "disp_0001_0016": {"dice": 0.8660398075217428}, "disp_0001_0019": {"dice": 0.8485451872144147}, "disp_0001_0022": {"dice": 0.8926351401192487}, "disp_0001_0025": {"dice": 0.9028817078897308}, "disp_0001_0028": {"dice": 0.8915444100207477}, "disp_0004_0007": {"dice": 0.7902016755960521}, "disp_0004_0010": {"dice": 0.7810973394826178}, "disp_0004_0013": {"dice": 0.7982671389389703}, "disp_0004_0016": {"dice": 0.7845826796688689}, "disp_0004_0019": {"dice": 0.6063097835207677}, "disp_0004_0022": {"dice": 0.7919302398942581}, "disp_0004_0025": {"dice": 0.8648168339205409}, "disp_0004_0028": {"dice": 0.7771988081844328}, "disp_0007_0010": {"dice": 0.8134330879380005}, "disp_0007_0013": {"dice": 0.8121076677903626}, "disp_0007_0016": {"dice": 0.8665957924066598}, "disp_0007_0019": {"dice": 0.8482862576515786}, "disp_0007_0022": {"dice": 0.7562223816071836}, "disp_0007_0025": {"dice": 0.7772991231504975}, "disp_0007_0028": {"dice": 0.7493668695061237}, "disp_0010_0013": {"dice": 0.8703396981000336}, "disp_0010_0016": {"dice": 0.8785732656610103}, "disp_0010_0019": {"dice": 0.864058661335384}, "disp_0010_0022": {"dice": 0.8571381353873833}, "disp_0010_0025": {"dice": 0.8547900214616576}, "disp_0010_0028": {"dice": 0.8722167382702446}, "disp_0013_0016": {"dice": 0.8088878867568853}, "disp_0013_0019": {"dice": 0.7778640765736765}, "disp_0013_0022": {"dice": 0.827919265050932}, "disp_0013_0025": {"dice": 0.8310541100434733}, "disp_0013_0028": {"dice": 0.8465058183112593}, "disp_0016_0019": {"dice": 0.8731071769165114}, "disp_0016_0022": {"dice": 0.8658216415577138}, "disp_0016_0025": {"dice": 0.864335034295992}, "disp_0016_0028": {"dice": 0.8734480654409094}, "disp_0019_0022": {"dice": 0.7478213711810962}, "disp_0019_0025": {"dice": 0.6656719769551235}, "disp_0019_0028": {"dice": 0.7550678550670932}, "disp_0022_0025": {"dice": 0.8778172109524731}, "disp_0022_0028": {"dice": 0.8861218161950948}, "disp_0025_0028": {"dice": 0.8915060995417344}}