{"disp_0001_0004": {"dice": 0.8221557000365588},
  "disp_0001_0007": {"dice": 0.8748433744899722},
  "disp_0001_0010": {"dice": 0.8789921315580043},
  "disp_0001_0013": {"dice": 0.8903209254915659},
  "disp_0001_0016": {"dice": 0.8661688835004154},
  "disp_0001_0019": {"dice": 0.8493277810270148},
  "disp_0001_0022": {"dice": 0.8930408026996564},
  "disp_0001_0025": {"dice": 0.9026268160928312},
  "disp_0001_0028": {"dice": 0.8907908937684592},
  "disp_0004_0007": {"dice": 0.789579229724266},
  "disp_0004_0010": {"dice": 0.781652614997922},
  "disp_0004_0013": {"dice": 0.7995835066716502},
  "disp_0004_0016": {"dice": 0.7882074560836478},
  "disp_0004_0019": {"dice": 0.6068484547515078},
  "disp_0004_0022": {"dice": 0.7917347357112169},
  "disp_0004_0025": {"dice": 0.8649420722183767},
  "disp_0004_0028": {"dice": 0.7770176243616884},
  "disp_0007_0010": {"dice": 0.8137545425592181},
  "disp_0007_0013": {"dice": 0.8119358472465601},
  "disp_0007_0016": {"dice": 0.8664069428804937},
  "disp_0007_0019": {"dice": 0.8485477752478187},
  "disp_0007_0022": {"dice": 0.7560949633522345},
  "disp_0007_0025": {"dice": 0.7776924450635105},
  "disp_0007_0028": {"dice": 0.749179759256921},
  "disp_0010_0013": {"dice": 0.870633841556712},
  "disp_0010_0016": {"dice": 0.8794493105153676},
  "disp_0010_0019": {"dice": 0.864868983909604},
  "disp_0010_0022": {"dice": 0.8555271082217308},
  "disp_0010_0025": {"dice": 0.8551471208292923},
  "disp_0010_0028": {"dice": 0.871640746537227},
  "disp_0013_0016": {"dice": 0.808317462955014},
  "disp_0013_0019": {"dice": 0.7781446514159813},
  "disp_0013_0022": {"dice": 0.8272590585655836},
  "disp_0013_0025": {"dice": 0.8312473460830995},
  "disp_0013_0028": {"dice": 0.8485458109017654},
  "disp_0016_0019": {"dice": 0.873132048092246},
  "disp_0016_0022": {"dice": 0.8666061930850483},
  "disp_0016_0025": {"dice": 0.8642002340053749},
  "disp_0016_0028": {"dice": 0.8736600322042651},
  "disp_0019_0022": {"dice": 0.7486312653012843},
  "disp_0019_0025": {"dice": 0.6656128709575917},
  "disp_0019_0028": {"dice": 0.7533360566769853},
  "disp_0022_0025": {"dice": 0.8786438912058284},
  "disp_0022_0028": {"dice": 0.8857245436036614},
  "disp_0025_0028": {"dice": 0.8912471685948122}}