{"disp_0006_0006": {"dice": 0.9583888102982275}, "disp_0007_0007": {"dice": 0.9712615820905959}, "disp_0008_0008": {"dice": 0.9764114832403509}}