{"disp_0006_0006": {"dice": 0.9584234620879302}, "disp_0007_0007": {"dice": 0.9712370721639143}, "disp_0008_0008": {"dice": 0.9764364845345014}}