{"disp_0003_0003": {"total_registration_error": 9.577226197774682}, "disp_0006_0006": {"total_registration_error": 3.26969739519472}, "disp_0009_0009": {"total_registration_error": 19.67932334003157}, "disp_0012_0012": {"total_registration_error": 3.211531975294936}, "disp_0015_0015": {"total_registration_error": 3.5603792002387804}, "disp_0018_0018": {"total_registration_error": 7.010238013311315}, "disp_0021_0021": {"total_registration_error": 2.833870676645608}}