{"disp_0201_0260": {"dice": 0.9313271747108012},
  "disp_0202_0259": {"dice": 0.9100917460929714},
  "disp_0203_0258": {"dice": 0.9288727173730943},
  "disp_0204_0257": {"dice": 0.9145780523896534},
  "disp_0205_0256": {"dice": 0.9267298820062639},
  "disp_0206_0255": {"dice": 0.924026689598335},
  "disp_0207_0254": {"dice": 0.9105319765865219},
  "disp_0208_0253": {"dice": 0.9251100737361413},
  "disp_0209_0252": {"dice": 0.9310053679922363},
  "disp_0210_0251": {"dice": 0.9322925027956073},
  "disp_0211_0250": {"dice": 0.9339759127656646},
  "disp_0212_0249": {"dice": 0.932022972875022},
  "disp_0213_0248": {"dice": 0.9417757337669179},
  "disp_0214_0247": {"dice": 0.9438416098242763},
  "disp_0215_0246": {"dice": 0.9395028867299149},
  "disp_0216_0245": {"dice": 0.9244680057669338},
  "disp_0217_0244": {"dice": 0.9154390798481664},
  "disp_0218_0243": {"dice": 0.9196261618171566},
  "disp_0219_0242": {"dice": 0.9146342398912898},
  "disp_0220_0241": {"dice": 0.9131978906984148},
  "disp_0221_0240": {"dice": 0.9180484044140098},
  "disp_0222_0239": {"dice": 0.9173610961526955},
  "disp_0223_0238": {"dice": 0.9247452395374443},
  "disp_0224_0237": {"dice": 0.9283230092345662},
  "disp_0225_0236": {"dice": 0.9193515647605381},
  "disp_0226_0235": {"dice": 0.9198708687041093},
  "disp_0227_0234": {"dice": 0.9098154953462674},
  "disp_0228_0233": {"dice": 0.8995981332641949},
  "disp_0229_0232": {"dice": 0.9112804139337557},
  "disp_0230_0231": {"dice": 0.9520333704252189},
  "disp_0231_0230": {"dice": 0.9395029306809626},
  "disp_0232_0229": {"dice": 0.9200904426284042}, "disp_0233_0228": {"dice": 0.916793492965368}, "disp_0234_0227": {"dice": 0.9232486714311893}, "disp_0235_0226": {"dice": 0.9324225582778549}, "disp_0236_0225": {"dice": 0.9115408633905404}, "disp_0237_0224": {"dice": 0.9146160932749072}, "disp_0238_0223": {"dice": 0.9215374344942758}, "disp_0239_0222": {"dice": 0.9133430064477581}, "disp_0240_0221": {"dice": 0.9252925857362493}, "disp_0241_0220": {"dice": 0.9315880223624106}, "disp_0242_0219": {"dice": 0.9328819140832062}, "disp_0243_0218": {"dice": 0.9350846664598853}, "disp_0244_0217": {"dice": 0.9287229851540644}, "disp_0245_0216": {"dice": 0.9286131394532722}, "disp_0246_0215": {"dice": 0.9392901481060688}, "disp_0247_0214": {"dice": 0.9349601456365718}, "disp_0248_0213": {"dice": 0.9242130047596004}, "disp_0249_0212": {"dice": 0.9164760779330738}, "disp_0250_0211": {"dice": 0.9235783222526148}, "disp_0251_0210": {"dice": 0.935910809517996}, "disp_0252_0209": {"dice": 0.9322271507024789}, "disp_0253_0208": {"dice": 0.9317987696100161}, "disp_0254_0207": {"dice": 0.9233824741629679}, "disp_0255_0206": {"dice": 0.9410994746969021}, "disp_0256_0205": {"dice": 0.9216302713869369}, "disp_0257_0204": {"dice": 0.9128309668257453}, "disp_0258_0203": {"dice": 0.9340318840369}, "disp_0259_0202": {"dice": 0.9255997725402778}, "disp_0260_0201": {"dice": 0.9360511605481511}}