{"disp_0001_0001": {"total_registration_error": 20.180077812774858}, "disp_0002_0002": {"total_registration_error": 15.600577226829143}, "disp_0003_0003": {"total_registration_error": 8.141406803889698}}