{"disp_0041_0041": {"total_registration_error": 5.390788251533967}, "disp_0042_0042": {"total_registration_error": 5.438144312762233}, "disp_0043_0043": {"total_registration_error": 7.562114668564592}, "disp_0044_0044": {"total_registration_error": 4.5640224181731295}, "disp_0045_0045": {"total_registration_error": 7.714909175910831}, "disp_0046_0046": {"total_registration_error": 9.448745662321155}, "disp_0047_0047": {"total_registration_error": 10.41927080578532}, "disp_0048_0048": {"total_registration_error": 5.4532144668169895}, "disp_0049_0049": {"total_registration_error": 6.977260383251147}, "disp_0050_0050": {"total_registration_error": 12.031104396788072}}