{"disp_0395_0396": {"dice": 0.8836665140227432}, "disp_0396_0397": {"dice": 0.8525523996034626}, "disp_0397_0398": {"dice": 0.8639052218097453}, "disp_0398_0399": {"dice": 0.8676241246051482}, "disp_0399_0400": {"dice": 0.8707339043358339}, "disp_0400_0401": {"dice": 0.8722332332505939}, "disp_0401_0402": {"dice": 0.8708735604700808}, "disp_0402_0403": {"dice": 0.8926413067718276}, "disp_0403_0404": {"dice": 0.8778786475705124}, "disp_0404_0405": {"dice": 0.8694094645412163}, "disp_0405_0406": {"dice": 0.8634466659567366}, "disp_0406_0407": {"dice": 0.8742465685562788}, "disp_0407_0408": {"dice": 0.8491916235729609}, "disp_0408_0409": {"dice": 0.8826740450504336}, "disp_0409_0410": {"dice": 0.8818309113595748}, "disp_0410_0411": {"dice": 0.8890521987886574}, "disp_0411_0412": {"dice": 0.8757211027317887}, "disp_0412_0413": {"dice": 0.8756366712535676}, "disp_0413_0414": {"dice": 0.8802766739032247}}