{"disp_0395_0396": {"dice": 0.8819128821259465}, "disp_0396_0397": {"dice": 0.8518264494917627}, "disp_0397_0398": {"dice": 0.8643790828413646}, "disp_0398_0399": {"dice": 0.8696606174893127}, "disp_0399_0400": {"dice": 0.8633644065543636}, "disp_0400_0401": {"dice": 0.8724874641379807}, "disp_0401_0402": {"dice": 0.8708825933743779}, "disp_0402_0403": {"dice": 0.8936360590704001}, "disp_0403_0404": {"dice": 0.8793620095350893}, "disp_0404_0405": {"dice": 0.8684648764415943}, "disp_0405_0406": {"dice": 0.8640634092341638}, "disp_0406_0407": {"dice": 0.8731615605230565}, "disp_0407_0408": {"dice": 0.8499950544842442}, "disp_0408_0409": {"dice": 0.8831436538302552}, "disp_0409_0410": {"dice": 0.8825033756104275}, "disp_0410_0411": {"dice": 0.8888927023564555}, "disp_0411_0412": {"dice": 0.8751423087634959}, "disp_0412_0413": {"dice": 0.8744661219469482}, "disp_0413_0414": {"dice": 0.8799617122940424}}